Workbook

Sheet Cover
A1: Electrical Load Calculation — Reusable Template
A2: Engine-driven · real project data · live Excel formulas · fully auditable · reusable across projects
A4: Project
A5: Project | B5: Y-Office Tower — Detailed Design
A6: Board | B6: MDB-OFFICES
A7: Offices | B7: 54
A8: Generated | B8: 2026-07-08T01:30:05
A10: Method — DPS 2022 power-density
A11: Connected load | B11: kVA = Area (m²) × Density (VA/m²) ÷ 1000
A12: Double-height add'l | B12: kVA = (Height − 3.5) × Area × 24 ÷ 1000
A13: Demand | B13: kVA = (Connected + Add'l) × Demand factor
A14: Load-table current | B14: A = Demand × 1000 ÷ 690 → main breaker = next standard size ≥ current
A15: Cable current | B15: A = Demand × 1000 ÷ (√3 × 400)
A16: Cable size | B16: smallest CSA with derated ampacity ≥ current AND VD ≤ 4%
A17: Voltage drop | B17: VD% = Cable current × Length × (mv/a/m) ÷ 1000 ÷ 400 × 100
A19: How to use
A20: It is live | B20: Change any blue input cell on Load-Calc (e.g. an office area) — every yellow formula recomputes automatically.
A21: It is auditable | B21: All standard values (density, demand factor, breaker ladder, cable table) live on the Ref-Tables sheet, each with its source. Formulas reference those cells — edit a reference and the whole calc re-flows.
A22: It is reusable | B22: The workbook is generated from the engine per project — feed a new project's data and you get the same structured workbook.
A24: Legend
B25: Input (extracted / entered)
B26: Calculated (live formula)
B27: Selected output (breaker / cable)

Sheet Load-Calc
A1: Electrical Load Schedule — MDB-OFFICES (DPS 2022 density method) | P1: live formulas →
A3: Office | B3: Area m² | C3: Height m | D3: Cat | E3: Density VA/m² | F3: Connected kVA | G3: Add'l kVA | H3: Total kVA | I3: DF | J3: Demand kVA | K3: Current A (÷690) | L3: Breaker A | M3: Cable I A | N3: Feeder m | O3: Cable mm² | P3: mv/a/m | Q3: VD %
A4: Coffee shop | B4: 197.8 | C4: 7 | D4: C6 | E4: =IFERROR(VLOOKUP(D4,'Ref-Tables'!$A$6:$B$7,2,FALSE),"?") | F4: =B4*E4/1000 | G4: =IF(AND(C4<>"",C4>'Ref-Tables'!$B$18),(C4-'Ref-Tables'!$B$18)*B4*'Ref-Tables'!$B$17/1000,0) | H4: =F4+G4 | I4: ='Ref-Tables'!$B$10 | J4: =H4*I4 | K4: =J4*1000/'Ref-Tables'!$B$13 | L4: =IFERROR(INDEX('Ref-Tables'!$A$21:$A$35,MATCH(K4,'Ref-Tables'!$A$21:$A$35,1)+IF(INDEX('Ref-Tables'!$A$21:$A$35,MATCH(K4,'Ref-Tables'!$A$21:$A$35,1))=K4,0,1)),'Ref-Tables'!$A$21) | M4: =J4*1000/(SQRT(3)*'Ref-Tables'!$B$14) | N4: 55 | O4: 25 | P4: =IFERROR(VLOOKUP(O4,'Ref-Tables'!$A$39:$C$43,2,FALSE),"") | Q4: =IFERROR(ROUND(M4*N4*P4/1000/'Ref-Tables'!$B$14*100,1),"")
A5: Office Double H(38) | B5: 208 | C5: 7 | D5: C7 | E5: =IFERROR(VLOOKUP(D5,'Ref-Tables'!$A$6:$B$7,2,FALSE),"?") | F5: =B5*E5/1000 | G5: =IF(AND(C5<>"",C5>'Ref-Tables'!$B$18),(C5-'Ref-Tables'!$B$18)*B5*'Ref-Tables'!$B$17/1000,0) | H5: =F5+G5 | I5: ='Ref-Tables'!$B$10 | J5: =H5*I5 | K5: =J5*1000/'Ref-Tables'!$B$13 | L5: =IFERROR(INDEX('Ref-Tables'!$A$21:$A$35,MATCH(K5,'Ref-Tables'!$A$21:$A$35,1)+IF(INDEX('Ref-Tables'!$A$21:$A$35,MATCH(K5,'Ref-Tables'!$A$21:$A$35,1))=K5,0,1)),'Ref-Tables'!$A$21) | M5: =J5*1000/(SQRT(3)*'Ref-Tables'!$B$14) | N5: 65 | O5: 25 | P5: =IFERROR(VLOOKUP(O5,'Ref-Tables'!$A$39:$C$43,2,FALSE),"") | Q5: =IFERROR(ROUND(M5*N5*P5/1000/'Ref-Tables'!$B$14*100,1),"")
A6: Office Duplex(37,62) | B6: 169 | D6: C7 | E6: =IFERROR(VLOOKUP(D6,'Ref-Tables'!$A$6:$B$7,2,FALSE),"?") | F6: =B6*E6/1000 | G6: =IF(AND(C6<>"",C6>'Ref-Tables'!$B$18),(C6-'Ref-Tables'!$B$18)*B6*'Ref-Tables'!$B$17/1000,0) | H6: =F6+G6 | I6: ='Ref-Tables'!$B$10 | J6: =H6*I6 | K6: =J6*1000/'Ref-Tables'!$B$13 | L6: =IFERROR(INDEX('Ref-Tables'!$A$21:$A$35,MATCH(K6,'Ref-Tables'!$A$21:$A$35,1)+IF(INDEX('Ref-Tables'!$A$21:$A$35,MATCH(K6,'Ref-Tables'!$A$21:$A$35,1))=K6,0,1)),'Ref-Tables'!$A$21) | M6: =J6*1000/(SQRT(3)*'Ref-Tables'!$B$14) | N6: 65 | O6: 10 | P6: =IFERROR(VLOOKUP(O6,'Ref-Tables'!$A$39:$C$43,2,FALSE),"") | Q6: =IFERROR(ROUND(M6*N6*P6/1000/'Ref-Tables'!$B$14*100,1),"")
A7: Office Double H(34,65) | B7: 121 | C7: 7 | D7: C7 | E7: =IFERROR(VLOOKUP(D7,'Ref-Tables'!$A$6:$B$7,2,FALSE),"?") | F7: =B7*E7/1000 | G7: =IF(AND(C7<>"",C7>'Ref-Tables'!$B$18),(C7-'Ref-Tables'!$B$18)*B7*'Ref-Tables'!$B$17/1000,0) | H7: =F7+G7 | I7: ='Ref-Tables'!$B$10 | J7: =H7*I7 | K7: =J7*1000/'Ref-Tables'!$B$13 | L7: =IFERROR(INDEX('Ref-Tables'!$A$21:$A$35,MATCH(K7,'Ref-Tables'!$A$21:$A$35,1)+IF(INDEX('Ref-Tables'!$A$21:$A$35,MATCH(K7,'Ref-Tables'!$A$21:$A$35,1))=K7,0,1)),'Ref-Tables'!$A$21) | M7: =J7*1000/(SQRT(3)*'Ref-Tables'!$B$14) | N7: 80 | O7: 10 | P7: =IFERROR(VLOOKUP(O7,'Ref-Tables'!$A$39:$C$43,2,FALSE),"") | Q7: =IFERROR(ROUND(M7*N7*P7/1000/'Ref-Tables'!$B$14*100,1),"")
A8: Office(39) | B8: 175 | D8: C7 | E8: =IFERROR(VLOOKUP(D8,'Ref-Tables'!$A$6:$B$7,2,FALSE),"?") | F8: =B8*E8/1000 | G8: =IF(AND(C8<>"",C8>'Ref-Tables'!$B$18),(C8-'Ref-Tables'!$B$18)*B8*'Ref-Tables'!$B$17/1000,0) | H8: =F8+G8 | I8: ='Ref-Tables'!$B$10 | J8: =H8*I8 | K8: =J8*1000/'Ref-Tables'!$B$13 | L8: =IFERROR(INDEX('Ref-Tables'!$A$21:$A$35,MATCH(K8,'Ref-Tables'!$A$21:$A$35,1)+IF(INDEX('Ref-Tables'!$A$21:$A$35,MATCH(K8,'Ref-Tables'!$A$21:$A$35,1))=K8,0,1)),'Ref-Tables'!$A$21) | M8: =J8*1000/(SQRT(3)*'Ref-Tables'!$B$14) | N8: 80 | O8: 10 | P8: =IFERROR(VLOOKUP(O8,'Ref-Tables'!$A$39:$C$43,2,FALSE),"") | Q8: =IFERROR(ROUND(M8*N8*P8/1000/'Ref-Tables'!$B$14*100,1),"")
A9: Office(54) | B9: 179 | D9: C7 | E9: =IFERROR(VLOOKUP(D9,'Ref-Tables'!$A$6:$B$7,2,FALSE),"?") | F9: =B9*E9/1000 | G9: =IF(AND(C9<>"",C9>'Ref-Tables'!$B$18),(C9-'Ref-Tables'!$B$18)*B9*'Ref-Tables'!$B$17/1000,0) | H9: =F9+G9 | I9: ='Ref-Tables'!$B$10 | J9: =H9*I9 | K9: =J9*1000/'Ref-Tables'!$B$13 | L9: =IFERROR(INDEX('Ref-Tables'!$A$21:$A$35,MATCH(K9,'Ref-Tables'!$A$21:$A$35,1)+IF(INDEX('Ref-Tables'!$A$21:$A$35,MATCH(K9,'Ref-Tables'!$A$21:$A$35,1))=K9,0,1)),'Ref-Tables'!$A$21) | M9: =J9*1000/(SQRT(3)*'Ref-Tables'!$B$14) | N9: 85 | O9: 10 | P9: =IFERROR(VLOOKUP(O9,'Ref-Tables'!$A$39:$C$43,2,FALSE),"") | Q9: =IFERROR(ROUND(M9*N9*P9/1000/'Ref-Tables'!$B$14*100,1),"")
A10: Office(84) | B10: 79 | D10: C7 | E10: =IFERROR(VLOOKUP(D10,'Ref-Tables'!$A$6:$B$7,2,FALSE),"?") | F10: =B10*E10/1000 | G10: =IF(AND(C10<>"",C10>'Ref-Tables'!$B$18),(C10-'Ref-Tables'!$B$18)*B10*'Ref-Tables'!$B$17/1000,0) | H10: =F10+G10 | I10: ='Ref-Tables'!$B$10 | J10: =H10*I10 | K10: =J10*1000/'Ref-Tables'!$B$13 | L10: =IFERROR(INDEX('Ref-Tables'!$A$21:$A$35,MATCH(K10,'Ref-Tables'!$A$21:$A$35,1)+IF(INDEX('Ref-Tables'!$A$21:$A$35,MATCH(K10,'Ref-Tables'!$A$21:$A$35,1))=K10,0,1)),'Ref-Tables'!$A$21) | M10: =J10*1000/(SQRT(3)*'Ref-Tables'!$B$14) | N10: 90 | O10: 6 | P10: =IFERROR(VLOOKUP(O10,'Ref-Tables'!$A$39:$C$43,2,FALSE),"") | Q10: =IFERROR(ROUND(M10*N10*P10/1000/'Ref-Tables'!$B$14*100,1),"")
A11: Office Duplex(79,112) | B11: 245 | D11: C7 | E11: =IFERROR(VLOOKUP(D11,'Ref-Tables'!$A$6:$B$7,2,FALSE),"?") | F11: =B11*E11/1000 | G11: =IF(AND(C11<>"",C11>'Ref-Tables'!$B$18),(C11-'Ref-Tables'!$B$18)*B11*'Ref-Tables'!$B$17/1000,0) | H11: =F11+G11 | I11: ='Ref-Tables'!$B$10 | J11: =H11*I11 | K11: =J11*1000/'Ref-Tables'!$B$13 | L11: =IFERROR(INDEX('Ref-Tables'!$A$21:$A$35,MATCH(K11,'Ref-Tables'!$A$21:$A$35,1)+IF(INDEX('Ref-Tables'!$A$21:$A$35,MATCH(K11,'Ref-Tables'!$A$21:$A$35,1))=K11,0,1)),'Ref-Tables'!$A$21) | M11: =J11*1000/(SQRT(3)*'Ref-Tables'!$B$14) | N11: 90 | O11: 16 | P11: =IFERROR(VLOOKUP(O11,'Ref-Tables'!$A$39:$C$43,2,FALSE),"") | Q11: =IFERROR(ROUND(M11*N11*P11/1000/'Ref-Tables'!$B$14*100,1),"")
A12: Office(86) | B12: 203 | D12: C7 | E12: =IFERROR(VLOOKUP(D12,'Ref-Tables'!$A$6:$B$7,2,FALSE),"?") | F12: =B12*E12/1000 | G12: =IF(AND(C12<>"",C12>'Ref-Tables'!$B$18),(C12-'Ref-Tables'!$B$18)*B12*'Ref-Tables'!$B$17/1000,0) | H12: =F12+G12 | I12: ='Ref-Tables'!$B$10 | J12: =H12*I12 | K12: =J12*1000/'Ref-Tables'!$B$13 | L12: =IFERROR(INDEX('Ref-Tables'!$A$21:$A$35,MATCH(K12,'Ref-Tables'!$A$21:$A$35,1)+IF(INDEX('Ref-Tables'!$A$21:$A$35,MATCH(K12,'Ref-Tables'!$A$21:$A$35,1))=K12,0,1)),'Ref-Tables'!$A$21) | M12: =J12*1000/(SQRT(3)*'Ref-Tables'!$B$14) | N12: 75 | O12: 16 | P12: =IFERROR(VLOOKUP(O12,'Ref-Tables'!$A$39:$C$43,2,FALSE),"") | Q12: =IFERROR(ROUND(M12*N12*P12/1000/'Ref-Tables'!$B$14*100,1),"")
A13: Office(82) | B13: 101 | D13: C7 | E13: =IFERROR(VLOOKUP(D13,'Ref-Tables'!$A$6:$B$7,2,FALSE),"?") | F13: =B13*E13/1000 | G13: =IF(AND(C13<>"",C13>'Ref-Tables'!$B$18),(C13-'Ref-Tables'!$B$18)*B13*'Ref-Tables'!$B$17/1000,0) | H13: =F13+G13 | I13: ='Ref-Tables'!$B$10 | J13: =H13*I13 | K13: =J13*1000/'Ref-Tables'!$B$13 | L13: =IFERROR(INDEX('Ref-Tables'!$A$21:$A$35,MATCH(K13,'Ref-Tables'!$A$21:$A$35,1)+IF(INDEX('Ref-Tables'!$A$21:$A$35,MATCH(K13,'Ref-Tables'!$A$21:$A$35,1))=K13,0,1)),'Ref-Tables'!$A$21) | M13: =J13*1000/(SQRT(3)*'Ref-Tables'!$B$14) | N13: 75 | O13: 6 | P13: =IFERROR(VLOOKUP(O13,'Ref-Tables'!$A$39:$C$43,2,FALSE),"") | Q13: =IFERROR(ROUND(M13*N13*P13/1000/'Ref-Tables'!$B$14*100,1),"")
A14: Office(111) | B14: 79 | D14: C7 | E14: =IFERROR(VLOOKUP(D14,'Ref-Tables'!$A$6:$B$7,2,FALSE),"?") | F14: =B14*E14/1000 | G14: =IF(AND(C14<>"",C14>'Ref-Tables'!$B$18),(C14-'Ref-Tables'!$B$18)*B14*'Ref-Tables'!$B$17/1000,0) | H14: =F14+G14 | I14: ='Ref-Tables'!$B$10 | J14: =H14*I14 | K14: =J14*1000/'Ref-Tables'!$B$13 | L14: =IFERROR(INDEX('Ref-Tables'!$A$21:$A$35,MATCH(K14,'Ref-Tables'!$A$21:$A$35,1)+IF(INDEX('Ref-Tables'!$A$21:$A$35,MATCH(K14,'Ref-Tables'!$A$21:$A$35,1))=K14,0,1)),'Ref-Tables'!$A$21) | M14: =J14*1000/(SQRT(3)*'Ref-Tables'!$B$14) | N14: 95 | O14: 6 | P14: =IFERROR(VLOOKUP(O14,'Ref-Tables'!$A$39:$C$43,2,FALSE),"") | Q14: =IFERROR(ROUND(M14*N14*P14/1000/'Ref-Tables'!$B$14*100,1),"")
A15: Office(113) | B15: 201 | D15: C7 | E15: =IFERROR(VLOOKUP(D15,'Ref-Tables'!$A$6:$B$7,2,FALSE),"?") | F15: =B15*E15/1000 | G15: =IF(AND(C15<>"",C15>'Ref-Tables'!$B$18),(C15-'Ref-Tables'!$B$18)*B15*'Ref-Tables'!$B$17/1000,0) | H15: =F15+G15 | I15: ='Ref-Tables'!$B$10 | J15: =H15*I15 | K15: =J15*1000/'Ref-Tables'!$B$13 | L15: =IFERROR(INDEX('Ref-Tables'!$A$21:$A$35,MATCH(K15,'Ref-Tables'!$A$21:$A$35,1)+IF(INDEX('Ref-Tables'!$A$21:$A$35,MATCH(K15,'Ref-Tables'!$A$21:$A$35,1))=K15,0,1)),'Ref-Tables'!$A$21) | M15: =J15*1000/(SQRT(3)*'Ref-Tables'!$B$14) | N15: 80 | O15: 16 | P15: =IFERROR(VLOOKUP(O15,'Ref-Tables'!$A$39:$C$43,2,FALSE),"") | Q15: =IFERROR(ROUND(M15*N15*P15/1000/'Ref-Tables'!$B$14*100,1),"")
A16: Office(99) | B16: 151 | D16: C7 | E16: =IFERROR(VLOOKUP(D16,'Ref-Tables'!$A$6:$B$7,2,FALSE),"?") | F16: =B16*E16/1000 | G16: =IF(AND(C16<>"",C16>'Ref-Tables'!$B$18),(C16-'Ref-Tables'!$B$18)*B16*'Ref-Tables'!$B$17/1000,0) | H16: =F16+G16 | I16: ='Ref-Tables'!$B$10 | J16: =H16*I16 | K16: =J16*1000/'Ref-Tables'!$B$13 | L16: =IFERROR(INDEX('Ref-Tables'!$A$21:$A$35,MATCH(K16,'Ref-Tables'!$A$21:$A$35,1)+IF(INDEX('Ref-Tables'!$A$21:$A$35,MATCH(K16,'Ref-Tables'!$A$21:$A$35,1))=K16,0,1)),'Ref-Tables'!$A$21) | M16: =J16*1000/(SQRT(3)*'Ref-Tables'!$B$14) | N16: 80 | O16: 10 | P16: =IFERROR(VLOOKUP(O16,'Ref-Tables'!$A$39:$C$43,2,FALSE),"") | Q16: =IFERROR(ROUND(M16*N16*P16/1000/'Ref-Tables'!$B$14*100,1),"")
A17: Office(127) | B17: 145 | D17: C7 | E17: =IFERROR(VLOOKUP(D17,'Ref-Tables'!$A$6:$B$7,2,FALSE),"?") | F17: =B17*E17/1000 | G17: =IF(AND(C17<>"",C17>'Ref-Tables'!$B$18),(C17-'Ref-Tables'!$B$18)*B17*'Ref-Tables'!$B$17/1000,0) | H17: =F17+G17 | I17: ='Ref-Tables'!$B$10 | J17: =H17*I17 | K17: =J17*1000/'Ref-Tables'!$B$13 | L17: =IFERROR(INDEX('Ref-Tables'!$A$21:$A$35,MATCH(K17,'Ref-Tables'!$A$21:$A$35,1)+IF(INDEX('Ref-Tables'!$A$21:$A$35,MATCH(K17,'Ref-Tables'!$A$21:$A$35,1))=K17,0,1)),'Ref-Tables'!$A$21) | M17: =J17*1000/(SQRT(3)*'Ref-Tables'!$B$14) | N17: 100 | O17: 10 | P17: =IFERROR(VLOOKUP(O17,'Ref-Tables'!$A$39:$C$43,2,FALSE),"") | Q17: =IFERROR(ROUND(M17*N17*P17/1000/'Ref-Tables'!$B$14*100,1),"")
A18: Office Double H(128,383) | B18: 200 | C18: 7 | D18: C7 | E18: =IFERROR(VLOOKUP(D18,'Ref-Tables'!$A$6:$B$7,2,FALSE),"?") | F18: =B18*E18/1000 | G18: =IF(AND(C18<>"",C18>'Ref-Tables'!$B$18),(C18-'Ref-Tables'!$B$18)*B18*'Ref-Tables'!$B$17/1000,0) | H18: =F18+G18 | I18: ='Ref-Tables'!$B$10 | J18: =H18*I18 | K18: =J18*1000/'Ref-Tables'!$B$13 | L18: =IFERROR(INDEX('Ref-Tables'!$A$21:$A$35,MATCH(K18,'Ref-Tables'!$A$21:$A$35,1)+IF(INDEX('Ref-Tables'!$A$21:$A$35,MATCH(K18,'Ref-Tables'!$A$21:$A$35,1))=K18,0,1)),'Ref-Tables'!$A$21) | M18: =J18*1000/(SQRT(3)*'Ref-Tables'!$B$14) | N18: 85 | O18: 25 | P18: =IFERROR(VLOOKUP(O18,'Ref-Tables'!$A$39:$C$43,2,FALSE),"") | Q18: =IFERROR(ROUND(M18*N18*P18/1000/'Ref-Tables'!$B$14*100,1),"")
A19: Office Duplex(145,129) | B19: 263 | D19: C7 | E19: =IFERROR(VLOOKUP(D19,'Ref-Tables'!$A$6:$B$7,2,FALSE),"?") | F19: =B19*E19/1000 | G19: =IF(AND(C19<>"",C19>'Ref-Tables'!$B$18),(C19-'Ref-Tables'!$B$18)*B19*'Ref-Tables'!$B$17/1000,0) | H19: =F19+G19 | I19: ='Ref-Tables'!$B$10 | J19: =H19*I19 | K19: =J19*1000/'Ref-Tables'!$B$13 | L19: =IFERROR(INDEX('Ref-Tables'!$A$21:$A$35,MATCH(K19,'Ref-Tables'!$A$21:$A$35,1)+IF(INDEX('Ref-Tables'!$A$21:$A$35,MATCH(K19,'Ref-Tables'!$A$21:$A$35,1))=K19,0,1)),'Ref-Tables'!$A$21) | M19: =J19*1000/(SQRT(3)*'Ref-Tables'!$B$14) | N19: 85 | O19: 25 | P19: =IFERROR(VLOOKUP(O19,'Ref-Tables'!$A$39:$C$43,2,FALSE),"") | Q19: =IFERROR(ROUND(M19*N19*P19/1000/'Ref-Tables'!$B$14*100,1),"")
A20: Office(142) | B20: 146 | D20: C7 | E20: =IFERROR(VLOOKUP(D20,'Ref-Tables'!$A$6:$B$7,2,FALSE),"?") | F20: =B20*E20/1000 | G20: =IF(AND(C20<>"",C20>'Ref-Tables'!$B$18),(C20-'Ref-Tables'!$B$18)*B20*'Ref-Tables'!$B$17/1000,0) | H20: =F20+G20 | I20: ='Ref-Tables'!$B$10 | J20: =H20*I20 | K20: =J20*1000/'Ref-Tables'!$B$13 | L20: =IFERROR(INDEX('Ref-Tables'!$A$21:$A$35,MATCH(K20,'Ref-Tables'!$A$21:$A$35,1)+IF(INDEX('Ref-Tables'!$A$21:$A$35,MATCH(K20,'Ref-Tables'!$A$21:$A$35,1))=K20,0,1)),'Ref-Tables'!$A$21) | M20: =J20*1000/(SQRT(3)*'Ref-Tables'!$B$14) | N20: 105 | O20: 10 | P20: =IFERROR(VLOOKUP(O20,'Ref-Tables'!$A$39:$C$43,2,FALSE),"") | Q20: =IFERROR(ROUND(M20*N20*P20/1000/'Ref-Tables'!$B$14*100,1),"")
A21: Office(157) | B21: 166 | D21: C7 | E21: =IFERROR(VLOOKUP(D21,'Ref-Tables'!$A$6:$B$7,2,FALSE),"?") | F21: =B21*E21/1000 | G21: =IF(AND(C21<>"",C21>'Ref-Tables'!$B$18),(C21-'Ref-Tables'!$B$18)*B21*'Ref-Tables'!$B$17/1000,0) | H21: =F21+G21 | I21: ='Ref-Tables'!$B$10 | J21: =H21*I21 | K21: =J21*1000/'Ref-Tables'!$B$13 | L21: =IFERROR(INDEX('Ref-Tables'!$A$21:$A$35,MATCH(K21,'Ref-Tables'!$A$21:$A$35,1)+IF(INDEX('Ref-Tables'!$A$21:$A$35,MATCH(K21,'Ref-Tables'!$A$21:$A$35,1))=K21,0,1)),'Ref-Tables'!$A$21) | M21: =J21*1000/(SQRT(3)*'Ref-Tables'!$B$14) | N21: 90 | O21: 10 | P21: =IFERROR(VLOOKUP(O21,'Ref-Tables'!$A$39:$C$43,2,FALSE),"") | Q21: =IFERROR(ROUND(M21*N21*P21/1000/'Ref-Tables'!$B$14*100,1),"")
A22: Office Double H(152) | B22: 142 | C22: 7 | D22: C7 | E22: =IFERROR(VLOOKUP(D22,'Ref-Tables'!$A$6:$B$7,2,FALSE),"?") | F22: =B22*E22/1000 | G22: =IF(AND(C22<>"",C22>'Ref-Tables'!$B$18),(C22-'Ref-Tables'!$B$18)*B22*'Ref-Tables'!$B$17/1000,0) | H22: =F22+G22 | I22: ='Ref-Tables'!$B$10 | J22: =H22*I22 | K22: =J22*1000/'Ref-Tables'!$B$13 | L22: =IFERROR(INDEX('Ref-Tables'!$A$21:$A$35,MATCH(K22,'Ref-Tables'!$A$21:$A$35,1)+IF(INDEX('Ref-Tables'!$A$21:$A$35,MATCH(K22,'Ref-Tables'!$A$21:$A$35,1))=K22,0,1)),'Ref-Tables'!$A$21) | M22: =J22*1000/(SQRT(3)*'Ref-Tables'!$B$14) | N22: 110 | O22: 16 | P22: =IFERROR(VLOOKUP(O22,'Ref-Tables'!$A$39:$C$43,2,FALSE),"") | Q22: =IFERROR(ROUND(M22*N22*P22/1000/'Ref-Tables'!$B$14*100,1),"")
A23: Office(175) | B23: 163 | D23: C7 | E23: =IFERROR(VLOOKUP(D23,'Ref-Tables'!$A$6:$B$7,2,FALSE),"?") | F23: =B23*E23/1000 | G23: =IF(AND(C23<>"",C23>'Ref-Tables'!$B$18),(C23-'Ref-Tables'!$B$18)*B23*'Ref-Tables'!$B$17/1000,0) | H23: =F23+G23 | I23: ='Ref-Tables'!$B$10 | J23: =H23*I23 | K23: =J23*1000/'Ref-Tables'!$B$13 | L23: =IFERROR(INDEX('Ref-Tables'!$A$21:$A$35,MATCH(K23,'Ref-Tables'!$A$21:$A$35,1)+IF(INDEX('Ref-Tables'!$A$21:$A$35,MATCH(K23,'Ref-Tables'!$A$21:$A$35,1))=K23,0,1)),'Ref-Tables'!$A$21) | M23: =J23*1000/(SQRT(3)*'Ref-Tables'!$B$14) | N23: 95 | O23: 10 | P23: =IFERROR(VLOOKUP(O23,'Ref-Tables'!$A$39:$C$43,2,FALSE),"") | Q23: =IFERROR(ROUND(M23*N23*P23/1000/'Ref-Tables'!$B$14*100,1),"")
A24: Office(370) | B24: 91 | D24: C7 | E24: =IFERROR(VLOOKUP(D24,'Ref-Tables'!$A$6:$B$7,2,FALSE),"?") | F24: =B24*E24/1000 | G24: =IF(AND(C24<>"",C24>'Ref-Tables'!$B$18),(C24-'Ref-Tables'!$B$18)*B24*'Ref-Tables'!$B$17/1000,0) | H24: =F24+G24 | I24: ='Ref-Tables'!$B$10 | J24: =H24*I24 | K24: =J24*1000/'Ref-Tables'!$B$13 | L24: =IFERROR(INDEX('Ref-Tables'!$A$21:$A$35,MATCH(K24,'Ref-Tables'!$A$21:$A$35,1)+IF(INDEX('Ref-Tables'!$A$21:$A$35,MATCH(K24,'Ref-Tables'!$A$21:$A$35,1))=K24,0,1)),'Ref-Tables'!$A$21) | M24: =J24*1000/(SQRT(3)*'Ref-Tables'!$B$14) | N24: 120 | O24: 6 | P24: =IFERROR(VLOOKUP(O24,'Ref-Tables'!$A$39:$C$43,2,FALSE),"") | Q24: =IFERROR(ROUND(M24*N24*P24/1000/'Ref-Tables'!$B$14*100,1),"")
A25: Office(379) | B25: 154 | D25: C7 | E25: =IFERROR(VLOOKUP(D25,'Ref-Tables'!$A$6:$B$7,2,FALSE),"?") | F25: =B25*E25/1000 | G25: =IF(AND(C25<>"",C25>'Ref-Tables'!$B$18),(C25-'Ref-Tables'!$B$18)*B25*'Ref-Tables'!$B$17/1000,0) | H25: =F25+G25 | I25: ='Ref-Tables'!$B$10 | J25: =H25*I25 | K25: =J25*1000/'Ref-Tables'!$B$13 | L25: =IFERROR(INDEX('Ref-Tables'!$A$21:$A$35,MATCH(K25,'Ref-Tables'!$A$21:$A$35,1)+IF(INDEX('Ref-Tables'!$A$21:$A$35,MATCH(K25,'Ref-Tables'!$A$21:$A$35,1))=K25,0,1)),'Ref-Tables'!$A$21) | M25: =J25*1000/(SQRT(3)*'Ref-Tables'!$B$14) | N25: 105 | O25: 10 | P25: =IFERROR(VLOOKUP(O25,'Ref-Tables'!$A$39:$C$43,2,FALSE),"") | Q25: =IFERROR(ROUND(M25*N25*P25/1000/'Ref-Tables'!$B$14*100,1),"")
A26: Office(377) | B26: 136 | D26: C7 | E26: =IFERROR(VLOOKUP(D26,'Ref-Tables'!$A$6:$B$7,2,FALSE),"?") | F26: =B26*E26/1000 | G26: =IF(AND(C26<>"",C26>'Ref-Tables'!$B$18),(C26-'Ref-Tables'!$B$18)*B26*'Ref-Tables'!$B$17/1000,0) | H26: =F26+G26 | I26: ='Ref-Tables'!$B$10 | J26: =H26*I26 | K26: =J26*1000/'Ref-Tables'!$B$13 | L26: =IFERROR(INDEX('Ref-Tables'!$A$21:$A$35,MATCH(K26,'Ref-Tables'!$A$21:$A$35,1)+IF(INDEX('Ref-Tables'!$A$21:$A$35,MATCH(K26,'Ref-Tables'!$A$21:$A$35,1))=K26,0,1)),'Ref-Tables'!$A$21) | M26: =J26*1000/(SQRT(3)*'Ref-Tables'!$B$14) | N26: 120 | O26: 6 | P26: =IFERROR(VLOOKUP(O26,'Ref-Tables'!$A$39:$C$43,2,FALSE),"") | Q26: =IFERROR(ROUND(M26*N26*P26/1000/'Ref-Tables'!$B$14*100,1),"")
A27: Office Duplex(281,359) | B27: 158 | D27: C7 | E27: =IFERROR(VLOOKUP(D27,'Ref-Tables'!$A$6:$B$7,2,FALSE),"?") | F27: =B27*E27/1000 | G27: =IF(AND(C27<>"",C27>'Ref-Tables'!$B$18),(C27-'Ref-Tables'!$B$18)*B27*'Ref-Tables'!$B$17/1000,0) | H27: =F27+G27 | I27: ='Ref-Tables'!$B$10 | J27: =H27*I27 | K27: =J27*1000/'Ref-Tables'!$B$13 | L27: =IFERROR(INDEX('Ref-Tables'!$A$21:$A$35,MATCH(K27,'Ref-Tables'!$A$21:$A$35,1)+IF(INDEX('Ref-Tables'!$A$21:$A$35,MATCH(K27,'Ref-Tables'!$A$21:$A$35,1))=K27,0,1)),'Ref-Tables'!$A$21) | M27: =J27*1000/(SQRT(3)*'Ref-Tables'!$B$14) | N27: 110 | O27: 10 | P27: =IFERROR(VLOOKUP(O27,'Ref-Tables'!$A$39:$C$43,2,FALSE),"") | Q27: =IFERROR(ROUND(M27*N27*P27/1000/'Ref-Tables'!$B$14*100,1),"")
A28: Office Double H(283) | B28: 133 | C28: 7 | D28: C7 | E28: =IFERROR(VLOOKUP(D28,'Ref-Tables'!$A$6:$B$7,2,FALSE),"?") | F28: =B28*E28/1000 | G28: =IF(AND(C28<>"",C28>'Ref-Tables'!$B$18),(C28-'Ref-Tables'!$B$18)*B28*'Ref-Tables'!$B$17/1000,0) | H28: =F28+G28 | I28: ='Ref-Tables'!$B$10 | J28: =H28*I28 | K28: =J28*1000/'Ref-Tables'!$B$13 | L28: =IFERROR(INDEX('Ref-Tables'!$A$21:$A$35,MATCH(K28,'Ref-Tables'!$A$21:$A$35,1)+IF(INDEX('Ref-Tables'!$A$21:$A$35,MATCH(K28,'Ref-Tables'!$A$21:$A$35,1))=K28,0,1)),'Ref-Tables'!$A$21) | M28: =J28*1000/(SQRT(3)*'Ref-Tables'!$B$14) | N28: 125 | O28: 16 | P28: =IFERROR(VLOOKUP(O28,'Ref-Tables'!$A$39:$C$43,2,FALSE),"") | Q28: =IFERROR(ROUND(M28*N28*P28/1000/'Ref-Tables'!$B$14*100,1),"")
A29: Office(290) | B29: 136 | D29: C7 | E29: =IFERROR(VLOOKUP(D29,'Ref-Tables'!$A$6:$B$7,2,FALSE),"?") | F29: =B29*E29/1000 | G29: =IF(AND(C29<>"",C29>'Ref-Tables'!$B$18),(C29-'Ref-Tables'!$B$18)*B29*'Ref-Tables'!$B$17/1000,0) | H29: =F29+G29 | I29: ='Ref-Tables'!$B$10 | J29: =H29*I29 | K29: =J29*1000/'Ref-Tables'!$B$13 | L29: =IFERROR(INDEX('Ref-Tables'!$A$21:$A$35,MATCH(K29,'Ref-Tables'!$A$21:$A$35,1)+IF(INDEX('Ref-Tables'!$A$21:$A$35,MATCH(K29,'Ref-Tables'!$A$21:$A$35,1))=K29,0,1)),'Ref-Tables'!$A$21) | M29: =J29*1000/(SQRT(3)*'Ref-Tables'!$B$14) | N29: 110 | O29: 6 | P29: =IFERROR(VLOOKUP(O29,'Ref-Tables'!$A$39:$C$43,2,FALSE),"") | Q29: =IFERROR(ROUND(M29*N29*P29/1000/'Ref-Tables'!$B$14*100,1),"")
A30: Office(360) | B30: 135 | D30: C7 | E30: =IFERROR(VLOOKUP(D30,'Ref-Tables'!$A$6:$B$7,2,FALSE),"?") | F30: =B30*E30/1000 | G30: =IF(AND(C30<>"",C30>'Ref-Tables'!$B$18),(C30-'Ref-Tables'!$B$18)*B30*'Ref-Tables'!$B$17/1000,0) | H30: =F30+G30 | I30: ='Ref-Tables'!$B$10 | J30: =H30*I30 | K30: =J30*1000/'Ref-Tables'!$B$13 | L30: =IFERROR(INDEX('Ref-Tables'!$A$21:$A$35,MATCH(K30,'Ref-Tables'!$A$21:$A$35,1)+IF(INDEX('Ref-Tables'!$A$21:$A$35,MATCH(K30,'Ref-Tables'!$A$21:$A$35,1))=K30,0,1)),'Ref-Tables'!$A$21) | M30: =J30*1000/(SQRT(3)*'Ref-Tables'!$B$14) | N30: 115 | O30: 6 | P30: =IFERROR(VLOOKUP(O30,'Ref-Tables'!$A$39:$C$43,2,FALSE),"") | Q30: =IFERROR(ROUND(M30*N30*P30/1000/'Ref-Tables'!$B$14*100,1),"")
A31: Office(262) | B31: 92 | D31: C7 | E31: =IFERROR(VLOOKUP(D31,'Ref-Tables'!$A$6:$B$7,2,FALSE),"?") | F31: =B31*E31/1000 | G31: =IF(AND(C31<>"",C31>'Ref-Tables'!$B$18),(C31-'Ref-Tables'!$B$18)*B31*'Ref-Tables'!$B$17/1000,0) | H31: =F31+G31 | I31: ='Ref-Tables'!$B$10 | J31: =H31*I31 | K31: =J31*1000/'Ref-Tables'!$B$13 | L31: =IFERROR(INDEX('Ref-Tables'!$A$21:$A$35,MATCH(K31,'Ref-Tables'!$A$21:$A$35,1)+IF(INDEX('Ref-Tables'!$A$21:$A$35,MATCH(K31,'Ref-Tables'!$A$21:$A$35,1))=K31,0,1)),'Ref-Tables'!$A$21) | M31: =J31*1000/(SQRT(3)*'Ref-Tables'!$B$14) | N31: 120 | O31: 6 | P31: =IFERROR(VLOOKUP(O31,'Ref-Tables'!$A$39:$C$43,2,FALSE),"") | Q31: =IFERROR(ROUND(M31*N31*P31/1000/'Ref-Tables'!$B$14*100,1),"")
A32: Office(271) | B32: 133 | D32: C7 | E32: =IFERROR(VLOOKUP(D32,'Ref-Tables'!$A$6:$B$7,2,FALSE),"?") | F32: =B32*E32/1000 | G32: =IF(AND(C32<>"",C32>'Ref-Tables'!$B$18),(C32-'Ref-Tables'!$B$18)*B32*'Ref-Tables'!$B$17/1000,0) | H32: =F32+G32 | I32: ='Ref-Tables'!$B$10 | J32: =H32*I32 | K32: =J32*1000/'Ref-Tables'!$B$13 | L32: =IFERROR(INDEX('Ref-Tables'!$A$21:$A$35,MATCH(K32,'Ref-Tables'!$A$21:$A$35,1)+IF(INDEX('Ref-Tables'!$A$21:$A$35,MATCH(K32,'Ref-Tables'!$A$21:$A$35,1))=K32,0,1)),'Ref-Tables'!$A$21) | M32: =J32*1000/(SQRT(3)*'Ref-Tables'!$B$14) | N32: 120 | O32: 6 | P32: =IFERROR(VLOOKUP(O32,'Ref-Tables'!$A$39:$C$43,2,FALSE),"") | Q32: =IFERROR(ROUND(M32*N32*P32/1000/'Ref-Tables'!$B$14*100,1),"")
A33: Office(270) | B33: 129 | D33: C7 | E33: =IFERROR(VLOOKUP(D33,'Ref-Tables'!$A$6:$B$7,2,FALSE),"?") | F33: =B33*E33/1000 | G33: =IF(AND(C33<>"",C33>'Ref-Tables'!$B$18),(C33-'Ref-Tables'!$B$18)*B33*'Ref-Tables'!$B$17/1000,0) | H33: =F33+G33 | I33: ='Ref-Tables'!$B$10 | J33: =H33*I33 | K33: =J33*1000/'Ref-Tables'!$B$13 | L33: =IFERROR(INDEX('Ref-Tables'!$A$21:$A$35,MATCH(K33,'Ref-Tables'!$A$21:$A$35,1)+IF(INDEX('Ref-Tables'!$A$21:$A$35,MATCH(K33,'Ref-Tables'!$A$21:$A$35,1))=K33,0,1)),'Ref-Tables'!$A$21) | M33: =J33*1000/(SQRT(3)*'Ref-Tables'!$B$14) | N33: 135 | O33: 6 | P33: =IFERROR(VLOOKUP(O33,'Ref-Tables'!$A$39:$C$43,2,FALSE),"") | Q33: =IFERROR(ROUND(M33*N33*P33/1000/'Ref-Tables'!$B$14*100,1),"")
A34: Office(241) | B34: 127 | D34: C7 | E34: =IFERROR(VLOOKUP(D34,'Ref-Tables'!$A$6:$B$7,2,FALSE),"?") | F34: =B34*E34/1000 | G34: =IF(AND(C34<>"",C34>'Ref-Tables'!$B$18),(C34-'Ref-Tables'!$B$18)*B34*'Ref-Tables'!$B$17/1000,0) | H34: =F34+G34 | I34: ='Ref-Tables'!$B$10 | J34: =H34*I34 | K34: =J34*1000/'Ref-Tables'!$B$13 | L34: =IFERROR(INDEX('Ref-Tables'!$A$21:$A$35,MATCH(K34,'Ref-Tables'!$A$21:$A$35,1)+IF(INDEX('Ref-Tables'!$A$21:$A$35,MATCH(K34,'Ref-Tables'!$A$21:$A$35,1))=K34,0,1)),'Ref-Tables'!$A$21) | M34: =J34*1000/(SQRT(3)*'Ref-Tables'!$B$14) | N34: 140 | O34: 6 | P34: =IFERROR(VLOOKUP(O34,'Ref-Tables'!$A$39:$C$43,2,FALSE),"") | Q34: =IFERROR(ROUND(M34*N34*P34/1000/'Ref-Tables'!$B$14*100,1),"")
A35: Office(242) | B35: 131 | D35: C7 | E35: =IFERROR(VLOOKUP(D35,'Ref-Tables'!$A$6:$B$7,2,FALSE),"?") | F35: =B35*E35/1000 | G35: =IF(AND(C35<>"",C35>'Ref-Tables'!$B$18),(C35-'Ref-Tables'!$B$18)*B35*'Ref-Tables'!$B$17/1000,0) | H35: =F35+G35 | I35: ='Ref-Tables'!$B$10 | J35: =H35*I35 | K35: =J35*1000/'Ref-Tables'!$B$13 | L35: =IFERROR(INDEX('Ref-Tables'!$A$21:$A$35,MATCH(K35,'Ref-Tables'!$A$21:$A$35,1)+IF(INDEX('Ref-Tables'!$A$21:$A$35,MATCH(K35,'Ref-Tables'!$A$21:$A$35,1))=K35,0,1)),'Ref-Tables'!$A$21) | M35: =J35*1000/(SQRT(3)*'Ref-Tables'!$B$14) | N35: 125 | O35: 6 | P35: =IFERROR(VLOOKUP(O35,'Ref-Tables'!$A$39:$C$43,2,FALSE),"") | Q35: =IFERROR(ROUND(M35*N35*P35/1000/'Ref-Tables'!$B$14*100,1),"")
A36: Office Duplex(247,357) | B36: 158 | D36: C7 | E36: =IFERROR(VLOOKUP(D36,'Ref-Tables'!$A$6:$B$7,2,FALSE),"?") | F36: =B36*E36/1000 | G36: =IF(AND(C36<>"",C36>'Ref-Tables'!$B$18),(C36-'Ref-Tables'!$B$18)*B36*'Ref-Tables'!$B$17/1000,0) | H36: =F36+G36 | I36: ='Ref-Tables'!$B$10 | J36: =H36*I36 | K36: =J36*1000/'Ref-Tables'!$B$13 | L36: =IFERROR(INDEX('Ref-Tables'!$A$21:$A$35,MATCH(K36,'Ref-Tables'!$A$21:$A$35,1)+IF(INDEX('Ref-Tables'!$A$21:$A$35,MATCH(K36,'Ref-Tables'!$A$21:$A$35,1))=K36,0,1)),'Ref-Tables'!$A$21) | M36: =J36*1000/(SQRT(3)*'Ref-Tables'!$B$14) | N36: 125 | O36: 10 | P36: =IFERROR(VLOOKUP(O36,'Ref-Tables'!$A$39:$C$43,2,FALSE),"") | Q36: =IFERROR(ROUND(M36*N36*P36/1000/'Ref-Tables'!$B$14*100,1),"")
A37: Office(254) | B37: 125 | D37: C7 | E37: =IFERROR(VLOOKUP(D37,'Ref-Tables'!$A$6:$B$7,2,FALSE),"?") | F37: =B37*E37/1000 | G37: =IF(AND(C37<>"",C37>'Ref-Tables'!$B$18),(C37-'Ref-Tables'!$B$18)*B37*'Ref-Tables'!$B$17/1000,0) | H37: =F37+G37 | I37: ='Ref-Tables'!$B$10 | J37: =H37*I37 | K37: =J37*1000/'Ref-Tables'!$B$13 | L37: =IFERROR(INDEX('Ref-Tables'!$A$21:$A$35,MATCH(K37,'Ref-Tables'!$A$21:$A$35,1)+IF(INDEX('Ref-Tables'!$A$21:$A$35,MATCH(K37,'Ref-Tables'!$A$21:$A$35,1))=K37,0,1)),'Ref-Tables'!$A$21) | M37: =J37*1000/(SQRT(3)*'Ref-Tables'!$B$14) | N37: 145 | O37: 6 | P37: =IFERROR(VLOOKUP(O37,'Ref-Tables'!$A$39:$C$43,2,FALSE),"") | Q37: =IFERROR(ROUND(M37*N37*P37/1000/'Ref-Tables'!$B$14*100,1),"")
A38: Office(256) | B38: 128 | D38: C7 | E38: =IFERROR(VLOOKUP(D38,'Ref-Tables'!$A$6:$B$7,2,FALSE),"?") | F38: =B38*E38/1000 | G38: =IF(AND(C38<>"",C38>'Ref-Tables'!$B$18),(C38-'Ref-Tables'!$B$18)*B38*'Ref-Tables'!$B$17/1000,0) | H38: =F38+G38 | I38: ='Ref-Tables'!$B$10 | J38: =H38*I38 | K38: =J38*1000/'Ref-Tables'!$B$13 | L38: =IFERROR(INDEX('Ref-Tables'!$A$21:$A$35,MATCH(K38,'Ref-Tables'!$A$21:$A$35,1)+IF(INDEX('Ref-Tables'!$A$21:$A$35,MATCH(K38,'Ref-Tables'!$A$21:$A$35,1))=K38,0,1)),'Ref-Tables'!$A$21) | M38: =J38*1000/(SQRT(3)*'Ref-Tables'!$B$14) | N38: 130 | O38: 6 | P38: =IFERROR(VLOOKUP(O38,'Ref-Tables'!$A$39:$C$43,2,FALSE),"") | Q38: =IFERROR(ROUND(M38*N38*P38/1000/'Ref-Tables'!$B$14*100,1),"")
A39: Office(396) | B39: 126 | D39: C7 | E39: =IFERROR(VLOOKUP(D39,'Ref-Tables'!$A$6:$B$7,2,FALSE),"?") | F39: =B39*E39/1000 | G39: =IF(AND(C39<>"",C39>'Ref-Tables'!$B$18),(C39-'Ref-Tables'!$B$18)*B39*'Ref-Tables'!$B$17/1000,0) | H39: =F39+G39 | I39: ='Ref-Tables'!$B$10 | J39: =H39*I39 | K39: =J39*1000/'Ref-Tables'!$B$13 | L39: =IFERROR(INDEX('Ref-Tables'!$A$21:$A$35,MATCH(K39,'Ref-Tables'!$A$21:$A$35,1)+IF(INDEX('Ref-Tables'!$A$21:$A$35,MATCH(K39,'Ref-Tables'!$A$21:$A$35,1))=K39,0,1)),'Ref-Tables'!$A$21) | M39: =J39*1000/(SQRT(3)*'Ref-Tables'!$B$14) | N39: 135 | O39: 6 | P39: =IFERROR(VLOOKUP(O39,'Ref-Tables'!$A$39:$C$43,2,FALSE),"") | Q39: =IFERROR(ROUND(M39*N39*P39/1000/'Ref-Tables'!$B$14*100,1),"")
A40: Office(395) | B40: 123 | D40: C7 | E40: =IFERROR(VLOOKUP(D40,'Ref-Tables'!$A$6:$B$7,2,FALSE),"?") | F40: =B40*E40/1000 | G40: =IF(AND(C40<>"",C40>'Ref-Tables'!$B$18),(C40-'Ref-Tables'!$B$18)*B40*'Ref-Tables'!$B$17/1000,0) | H40: =F40+G40 | I40: ='Ref-Tables'!$B$10 | J40: =H40*I40 | K40: =J40*1000/'Ref-Tables'!$B$13 | L40: =IFERROR(INDEX('Ref-Tables'!$A$21:$A$35,MATCH(K40,'Ref-Tables'!$A$21:$A$35,1)+IF(INDEX('Ref-Tables'!$A$21:$A$35,MATCH(K40,'Ref-Tables'!$A$21:$A$35,1))=K40,0,1)),'Ref-Tables'!$A$21) | M40: =J40*1000/(SQRT(3)*'Ref-Tables'!$B$14) | N40: 150 | O40: 10 | P40: =IFERROR(VLOOKUP(O40,'Ref-Tables'!$A$39:$C$43,2,FALSE),"") | Q40: =IFERROR(ROUND(M40*N40*P40/1000/'Ref-Tables'!$B$14*100,1),"")
... A57: Office(430) | B57: 74 | D57: C7 | E57: =IFERROR(VLOOKUP(D57,'Ref-Tables'!$A$6:$B$7,2,FALSE),"?") | F57: =B57*E57/1000 | G57: =IF(AND(C57<>"",C57>'Ref-Tables'!$B$18),(C57-'Ref-Tables'!$B$18)*B57*'Ref-Tables'!$B$17/1000,0) | H57: =F57+G57 | I57: ='Ref-Tables'!$B$10 | J57: =H57*I57 | K57: =J57*1000/'Ref-Tables'!$B$13 | L57: =IFERROR(INDEX('Ref-Tables'!$A$21:$A$35,MATCH(K57,'Ref-Tables'!$A$21:$A$35,1)+IF(INDEX('Ref-Tables'!$A$21:$A$35,MATCH(K57,'Ref-Tables'!$A$21:$A$35,1))=K57,0,1)),'Ref-Tables'!$A$21) | M57: =J57*1000/(SQRT(3)*'Ref-Tables'!$B$14) | N57: 175 | O57: 6 | P57: =IFERROR(VLOOKUP(O57,'Ref-Tables'!$A$39:$C$43,2,FALSE),"") | Q57: =IFERROR(ROUND(M57*N57*P57/1000/'Ref-Tables'!$B$14*100,1),"")

Sheet Summary
A1: Board Summary — MDB-OFFICES (OUTPUT)
A2: Feeds transformer sizing, panel schedules and the single-line diagram.
A4: Offices | B4: 54
A5: Total connected | B5: =SUM('Load-Calc'!F4:F57) | C5: kVA
A6: Total additional (double-height) | B6: =SUM('Load-Calc'!G4:G57) | C6: kVA
A7: Total demand | B7: =SUM('Load-Calc'!J4:J57) | C7: kVA
A8: Main incomer current | B8: =SUM('Load-Calc'!J4:J57)*1000/(SQRT(3)*400) | C8: A
A9: Max feeder voltage drop | B9: =MAX('Load-Calc'!Q4:Q57) | C9: %
A11: ⚠ Data-quality flag: Printed board total 846.33216 kVA does not match the sum of 54 row demands (877.369 kVA); difference 31.03684 kVA. Row values are authoritative.

Sheet Ref-Tables
A1: Reference Tables — edit these; the calc recomputes
A2: Values used by the real Y-Tower EL-CAL-5002 load calculation. Indicative — an engineer confirms per project. FLAG: DPS 2022 is a Saudi standard but the project is in Egypt; confirm applicable code with the design office.
A4: Power density (VA/m²) | D4: DPS 2022 Table 19, p.27
A5: Category | B5: VA/m²
A6: C6 | B6: 188
A7: C7 | B7: 176
A9: Demand factor | D9: DPS 2022 Table 20, p.29
A10: office | B10: 0.6
A12: Current divisor & voltage
A13: Load-table divisor (÷) | B13: 690 | C13: (Demand×1000/690)
A14: System voltage | B14: 400 | C14: V, L-L
A16: Double-height adder | D16: DPS 2022, p.26
A17: rate | B17: 24 | C17: VA/m³
A18: standard height | B18: 3.5 | C18: m
A20: Breaker ladder (A) | D20: DPS 2022 Table 27, p.45
A21: 20
A22: 30
A23: 40
A24: 50
A25: 70
A26: 100
A27: 125
A28: 150
A29: 200
A30: 250
A31: 300
A32: 400
... A35: 800
A37: Cable: CSA → mv/a/m & derated ampacity | D37: EL-CAL-5002 cable sheet mv/a/meter column (fixed per CSA; already includes the 3-phase √3 factor)
A38: CSA mm² | B38: mv/a/m | C38: Derated A
A39: 6 | B39: 5.8 | C39: 21
A40: 10 | B40: 3.5 | C40: 29
A41: 16 | B41: 2.2 | C41: 39
A42: 25 | B42: 1.4 | C42: 52
A43: 35 | B43: 1.1 | C43: 80
